D0002968;D00051528;Агровермикулит (серебристый,золотистый) 2л
D0002968;D00051527;Агроперлит, 0,2 л
D0002968;D00051623;Адью, для повышения эффективности препаратов, 2мл
D0002968;D00051624;Аквамикс, комплекс микроэлементов, 5г
D0002968;D00051625;Активатор корнеобразования для растений JOY, 2 таб
D0002968;D00051626;Активатор роста для балконных цветов JOY, 2 таб
D0002968;D00051628;Активатор роста для комнатных цветов JOY, 2 таб
D0002968;D00051629;Активатор роста и развития для орхидей JOY, 2 таб
D0002968;D00051627;Активатор роста и развития для рассады JOY, 2 таб
D0002968;D00051542;Алирин -Б, от комплекса грибных болезней , 20 таб
D0002968;D00051540;Биосостав Радуга-Плюс Дачный компост, 100 г
D0002968;D00051591;Биосостав Радуга-Плюс Лепидоцид, 20 г
D0002968;D00051631;Богатый-микро Cu (медь 1%+микроэлементы), 100 мл
D0002968;D00051633;Богатый-микро ZnCu (цинк 1%+ микроэлементы ) 100мл
D0002968;D00051636;Бутон цветы, стимулятор роста, цветения, 2г
D0002968;D00051635;Бутон, для сохранения и увеличиения урожая, 2 г
D0002968;D00051526;Вермикулит Сады Аурики, 1 л
D0002968;D00051543;Гамаир, БИОзащита растений от болезней , 20 таб
D0002968;D00051544;Глиокладин, от корневой гнили , 100 таб
D0002968;D00051842;Горшок торфяной круглый 60*60 мм
D0002968;D00051581;Гроза (Мета) 15гр (от слизней,улиток)
D0002968;D00051843;Дозатор для посева семян 6-уровневый
D0002968;D00051638;Домоцвет, природный регулятор, 1 мл
D0002968;D00051639;Зацветай, стимулятор цветения, 3 мл
D0002968;D00051587;Каракурт приманка (гранулы) от мух 10г в пакете
D0002968;A00001040;Кассета рассадная с поддоном
D0002968;D00051844;Комплект торфоперегнойных таблеток (из 10шт) 24 мм
D0002968;D00051845;Комплект торфоперегнойных таблеток (из 10шт) 33 мм
D0002968;D00051850;Лотки JIFFY-STRIPS 8х8 см
D0002968;D00051681;Паста цитокининовая  JOY
D0002968;D00051524;Песок речной ПЕРМАГРОБИЗНЕС, 1 кг
D0002968;D00051541;Препарат AGB от болезней растений JOY, 50 мл
D0002968;D00051653;Рибав-экстра, для укоренения и роста растений, 1мл
D0002968;D00051658;Стимулятор роста AGB JOY, 50 мл
D0002968;D00051860;Торфяные горшки Jiffy-PeatPot (13x15см)
D0002968;D00051661;Удобрение Акварин для плодоношения, 20 г
D0002968;D00051662;Удобрение Акварин для цветения, 20 г
D0002968;D00051663;Удобрение Акварин картофельный, 100 г
D0002968;D00051461;Удобрение БиоМастер Сульфат аммония, гум., 1кг
D0002968;D00051648;Удобрение водорастворимое Хелат Cu
D0002968;D00051649;Удобрение водорастворимое Хелат Mn
D0002968;D00051650;Удобрение водорастворимое Хелат Zn
D0002968;D00051445;Удобрение для декоративных кустарников, 2,5 кг ОМУ
D0002968;D00051447;Удобрение для ландшафта, 2,5 кг ОМУ
D0002968;D00051655;Удобрение для подкормки растений НВ-101, 10 г
D0002968;D00051656;Удобрение для подкормки растений НВ-101, 6 мл
D0002968;D00051452;Удобрение для цветов, 2,5 кг ОМУ
D0002968;D00051651;Удобрение Метаборат калия микро
D0002968;D00051652;Удобрение Ортон Микро-Fe, 5 г
D0002968;A00002087;Удобрение Пермагробизнес  хлорид калия 1 кг
D0002968;D00051439;Удобрение ПЕРМАГРОБИЗНЕС Известняковая мука 5кг
D0002968;D00051440;Удобрение ПЕРМАГРОБИЗНЕС фосфоритная мука, 3 кг
D0002968;D00051660;Удобрение Сульфат цинка, 20 г
D0002968;D00051665;Удобрение Трио Микс балконные цветы, 100 г JOY
D0002968;D00051667;Удобрение Трио Микс обильное цветение, 100 г JOY
D0002968;D00051668;Удобрение Трио Микс рост и развитие, 100 г JOY
D0002968;D00051645;Удобрение Фертика кристалон цветочный, 20 г
D0002968;D00051675;Удобрение Хелат марганца, 10 г
D0002968;D00051676;Удобрение Хелат марганца, 5г
D0002968;D00051677;Удобрение Хелат меди, 5 г
D0002968;D00051678;Удобрение Хелат цинка,10 г
D0002968;D00051673;Хелат кальция, микроэлемент, 10 г
D0002968;D00051674;Хелат магния, микроэлемент, 5г
D0002968;D00051680;Цитовит, питательный раствор, 1,5 мл
D0002968;D00051611;Экстрафлор от гусениц, 1 г
D0002968;D00051612;Экстрафлор от клещей,1г
D0002968;D00051613;Экстрафлор от луковой мухи,1 г
D0002968;D00051616;Экстрафлор от щитовки, 1 г
D0003111;K00036362;Насос вибрационный PATRIOT VP 16В верхний забор
D0004243;D00026779;Пила торцово-усовочная Корвет-4М
D0006480;D00051799;Насос поверхностный AL-KO Jet 1300 Inox
D0006480;D00051800;Насос поверхностный AL-KO Jet 3000 Inox
D0007591;D00052457;Дрель аккумуляторная Интерскол ДАУ-13/18ВК уд (-)
D0010568;K00033372;Бензокоса MAXCUT MC 130 (1+1)
D0011587;D00047901;Пила торцовочная Pit PCM255-C2
D0012822;D00032133;Насос поверхностный Aquario APM-50
D0012876;K00036097;Лестница четырехсекционная трансформер Most 4х5
D0013184;K00036096;Лестница четырехсекционная трансформер Most 4х4
